{"version":1,"resource":"file:///c%3A/Users/steven.kightlinger/OneDrive%20-%20iC%20Consult%20Group%20GmbH/Desktop/complete-node-bootcamp-master/2-how-node-works/starter/event-loop.js","entries":[{"id":"xRdb.js","timestamp":1708257927802},{"id":"1oBh.js","timestamp":1708258074893},{"id":"qMLI.js","timestamp":1708258099123},{"id":"Qy4p.js","timestamp":1708258241710},{"id":"ITIa.js","timestamp":1708258304590},{"id":"HPou.js","timestamp":1708258421324},{"id":"9u48.js","timestamp":1708258688240},{"id":"971k.js","timestamp":1708258781162},{"id":"m4Ib.js","timestamp":1708258822361},{"id":"87gi.js","timestamp":1708258862000},{"id":"gNgi.js","timestamp":1708258961777},{"id":"xeSa.js","timestamp":1708259009410}]}