{"version":1,"resource":"file:///c%3A/Users/steven.kightlinger/OneDrive%20-%20iC%20Consult%20Group%20GmbH/Desktop/complete-javascript-course-master/07-Pig-Game/starter/script.js","entries":[{"id":"0Xtj.js","timestamp":1699992304590},{"id":"QvF4.js","timestamp":1699992526232},{"id":"W04X.js","timestamp":1699992542056},{"id":"Wepz.js","timestamp":1699992597816},{"id":"xnKm.js","timestamp":1699992710632},{"id":"7YwB.js","timestamp":1699992802558},{"id":"Qtov.js","timestamp":1699992989977},{"id":"w7qK.js","timestamp":1699993115381},{"id":"64P1.js","timestamp":1699993232525},{"id":"kj4l.js","timestamp":1699993297080},{"id":"i9du.js","timestamp":1699993310189},{"id":"yjcV.js","timestamp":1699993356719},{"id":"7SXb.js","timestamp":1699993580717},{"id":"zBfc.js","timestamp":1699993608768},{"id":"yVbZ.js","timestamp":1699993803012},{"id":"E7I4.js","timestamp":1699993849209},{"id":"fc0B.js","timestamp":1699993873848},{"id":"7K1h.js","timestamp":1699994309315},{"id":"yOaR.js","timestamp":1699994353220},{"id":"rjyK.js","timestamp":1699994755683},{"id":"yL9f.js","timestamp":1699994836464},{"id":"VGYa.js","timestamp":1699995049411},{"id":"jYyM.js","timestamp":1699995291333},{"id":"z7Q4.js","timestamp":1699995716575},{"id":"I9EQ.js","timestamp":1699996052623},{"id":"dXOy.js","timestamp":1699996183945},{"id":"hbHt.js","timestamp":1699996381104},{"id":"KF4c.js","timestamp":1699997119961},{"id":"5mWl.js","timestamp":1700134772446},{"id":"iKkY.js","timestamp":1700134840696},{"id":"6T9j.js","timestamp":1700134989809},{"id":"Gi4a.js","timestamp":1700135153507},{"id":"3HM0.js","timestamp":1700135675698},{"id":"1V0i.js","timestamp":1700138746291},{"id":"T0eu.js","timestamp":1700138912214},{"id":"k2RB.js","timestamp":1700138961634},{"id":"bQpf.js","timestamp":1700139082154},{"id":"O9XA.js","timestamp":1700139137381},{"id":"jTwD.js","timestamp":1700139171822},{"id":"ooX4.js","timestamp":1700139299505},{"id":"UIP6.js","timestamp":1700139394305},{"id":"UW0F.js","timestamp":1700139485176},{"id":"JHk2.js","timestamp":1700139615778},{"id":"QRN7.js","timestamp":1700139679841},{"id":"Yx65.js","timestamp":1700139809307},{"id":"mrVF.js","timestamp":1700139879793},{"id":"Rhah.js","timestamp":1700140054565},{"id":"GTQC.js","timestamp":1700140117039},{"id":"bZAV.js","timestamp":1700140290393},{"id":"y5RT.js","timestamp":1700140348558}]}