{"version":1,"resource":"file:///c%3A/tmp/2.%20Azure%20Storage%20Accounts%20and%20Azure%20Virtual%20Machines/3.%20Working%20with%20resources%20groups/Script10.ps1","entries":[{"id":"obpA.ps1","timestamp":1712760106374},{"id":"zQsC.ps1","timestamp":1712760223677},{"id":"kuh4.ps1","timestamp":1712760259640},{"id":"f22u.ps1","timestamp":1712760402688},{"id":"9vJP.ps1","timestamp":1712760600115},{"id":"XehM.ps1","timestamp":1712760640560},{"id":"gmFT.ps1","timestamp":1712760742250},{"id":"vH7r.ps1","timestamp":1712760944113}]}