{"version":1,"resource":"file:///c%3A/Users/steven.kightlinger/OneDrive%20-%20iC%20Consult%20Group%20GmbH/Desktop/complete-javascript-course-master/15-Mapty/starter/script.js","entries":[{"id":"rzgn.js","timestamp":1702289786325},{"id":"UxSA.js","timestamp":1702289815787},{"id":"id64.js","timestamp":1702290070718},{"id":"RWa8.js","timestamp":1702290212170},{"id":"xGR7.js","timestamp":1702290258104},{"id":"rYy3.js","timestamp":1702290499771},{"id":"RVcR.js","timestamp":1702291011172},{"id":"dHRK.js","timestamp":1702291085604},{"id":"JY8g.js","timestamp":1702291337597},{"id":"gqnR.js","timestamp":1702291486697},{"id":"23ZB.js","timestamp":1702291782747},{"id":"IcFt.js","timestamp":1702291941063},{"id":"kTEa.js","timestamp":1702292134697},{"id":"47dy.js","timestamp":1702292333452},{"id":"FtGl.js","timestamp":1702292716409},{"id":"Iks2.js","timestamp":1702292835166},{"id":"o6aD.js","timestamp":1702293032432},{"id":"8akg.js","timestamp":1702299203598},{"id":"TSJf.js","timestamp":1702299279795},{"id":"VEbf.js","timestamp":1702299315421},{"id":"jltp.js","timestamp":1702299331922},{"id":"Ob6m.js","timestamp":1702299436178},{"id":"oYTu.js","timestamp":1702299772321},{"id":"4O7r.js","timestamp":1702299845996},{"id":"9A5Z.js","timestamp":1702299896035},{"id":"RO8H.js","timestamp":1702299990189},{"id":"OSr3.js","timestamp":1702300270643},{"id":"feW8.js","timestamp":1702300306482},{"id":"OLEc.js","timestamp":1702300533622},{"id":"xbKf.js","timestamp":1702300581124},{"id":"4xSt.js","timestamp":1702300786801},{"id":"MjQB.js","timestamp":1702300891989},{"id":"3xiK.js","timestamp":1702301212390},{"id":"jftQ.js","timestamp":1702301297590},{"id":"valJ.js","timestamp":1702301522090},{"id":"8aHU.js","timestamp":1702302462938},{"id":"j3EU.js","timestamp":1702382744481},{"id":"dtOq.js","timestamp":1702382899299},{"id":"HvKU.js","timestamp":1702392030064},{"id":"jtGW.js","timestamp":1702392091318},{"id":"bRUh.js","timestamp":1702392761186},{"id":"7V1y.js","timestamp":1702392921742},{"id":"U9Ps.js","timestamp":1702393853191},{"id":"7K9i.js","timestamp":1702393876139},{"id":"SehZ.js","timestamp":1702393985492},{"id":"z8dJ.js","timestamp":1702394135602},{"id":"XAhS.js","timestamp":1702396265990},{"id":"yYsd.js","timestamp":1702396327150},{"id":"mpv0.js","timestamp":1702396594550},{"id":"2dpY.js","timestamp":1702397209492}]}