{"version":1,"resource":"file:///c%3A/Users/steven.kightlinger/OneDrive%20-%20iC%20Consult%20Group%20GmbH/Desktop/complete-node-bootcamp-master/3-asynchronous-JS/starter/index.js","entries":[{"id":"mXYA.js","timestamp":1708345028054},{"id":"gOHp.js","timestamp":1708345049073},{"id":"82ZQ.js","timestamp":1708345061666},{"id":"WlqB.js","timestamp":1708345097893},{"id":"Houw.js","timestamp":1708345109989},{"id":"FUp4.js","timestamp":1708345124187},{"id":"tPOC.js","timestamp":1708345208132},{"id":"iKiS.js","timestamp":1708345263997},{"id":"gVow.js","timestamp":1708345430083},{"id":"TTlh.js","timestamp":1708345617077},{"id":"kdNs.js","timestamp":1708345635629},{"id":"KSIH.js","timestamp":1708345720389},{"id":"vCxv.js","timestamp":1708345774523},{"id":"YyJK.js","timestamp":1708345802057},{"id":"6lih.js","timestamp":1708345886833},{"id":"05Z8.js","timestamp":1708345899027},{"id":"YMKv.js","timestamp":1708345921583},{"id":"gCqh.js","timestamp":1708345948958},{"id":"vUB4.js","timestamp":1708345972151},{"id":"9ySe.js","timestamp":1708345995310},{"id":"2aEf.js","timestamp":1708346006453},{"id":"7KX8.js","timestamp":1708346122452},{"id":"746s.js","timestamp":1708346232048},{"id":"mpQk.js","timestamp":1708346458455},{"id":"Zq5t.js","timestamp":1708346470976},{"id":"JOup.js","timestamp":1708346617405},{"id":"Zdfw.js","timestamp":1708346692740},{"id":"kxii.js","timestamp":1708347165159},{"id":"tp7N.js","timestamp":1708347436817},{"id":"8EbO.js","timestamp":1708347455473},{"id":"I0dI.js","timestamp":1708347467086},{"id":"SMik.js","timestamp":1708347666233},{"id":"GMei.js","timestamp":1708347725756},{"id":"UK2B.js","timestamp":1708347760297},{"id":"wFMq.js","timestamp":1708348165197},{"id":"JixZ.js","timestamp":1708348229422},{"id":"4FqB.js","timestamp":1708348319983},{"id":"5lzt.js","timestamp":1708348362912},{"id":"3jUX.js","timestamp":1708348398941},{"id":"kl23.js","timestamp":1708348503151},{"id":"qxgJ.js","timestamp":1708348612299},{"id":"udKN.js","timestamp":1708348745905},{"id":"Geim.js","timestamp":1708348880706},{"id":"z4ZH.js","timestamp":1708348920897},{"id":"0QzV.js","timestamp":1708349022696},{"id":"RXwh.js","timestamp":1708349277929},{"id":"eRqk.js","timestamp":1708349330177},{"id":"iacL.js","timestamp":1708351776770},{"id":"98DK.js","timestamp":1708351834046},{"id":"hbpC.js","timestamp":1708351882985}]}