{"version":1,"resource":"file:///c%3A/tmp/2.%20Azure%20Storage%20Accounts%20and%20Azure%20Virtual%20Machines/13.%20Create%20a%20Network%20Security%20Group/Script20.ps1","entries":[{"id":"xm81.ps1","timestamp":1712847703622},{"id":"JTo2.ps1","timestamp":1712847766759},{"id":"1Cli.ps1","timestamp":1712847887697},{"id":"kMEy.ps1","timestamp":1712848040768},{"id":"v8CR.ps1","timestamp":1712848059113},{"id":"tSvA.ps1","timestamp":1712848213074},{"id":"qne5.ps1","timestamp":1712848238379},{"id":"XoCi.ps1","timestamp":1712848266225},{"id":"ok91.ps1","timestamp":1712848290788},{"id":"3E1c.ps1","timestamp":1712848325628},{"id":"HTh3.ps1","timestamp":1712848361715},{"id":"K0yE.ps1","timestamp":1712848404121},{"id":"Ists.ps1","timestamp":1712848486843},{"id":"u06l.ps1","timestamp":1712848698427}]}