{"version":1,"resource":"file:///c%3A/tmp/2.%20Azure%20Storage%20Accounts%20and%20Azure%20Virtual%20Machines/7.%20Checking%20for%20the%20existence%20of%20resources/Script14.ps1","entries":[{"id":"UNHL.ps1","timestamp":1712827971519},{"id":"vNPv.ps1","timestamp":1712828026794},{"id":"xPfA.ps1","timestamp":1712828134990},{"id":"RXPI.ps1","timestamp":1712828159393},{"id":"BeJ0.ps1","timestamp":1712828189281},{"id":"XgdR.ps1","timestamp":1712828205298},{"id":"YIxt.ps1","timestamp":1712828249285},{"id":"xDMR.ps1","timestamp":1712828344050},{"id":"G8mk.ps1","timestamp":1712828438185},{"id":"tT3F.ps1","timestamp":1712828517648},{"id":"hcr0.ps1","timestamp":1712828591023},{"id":"Wm29.ps1","timestamp":1712828727921},{"id":"hwW3.ps1","timestamp":1712828847127},{"id":"jkmK.ps1","timestamp":1712828930451},{"id":"I7oy.ps1","timestamp":1712829221090},{"id":"8Nw9.ps1","timestamp":1712829392927}]}