{"version":1,"resource":"file:///c%3A/VUE/project-planner/data/db.json","entries":[{"id":"SedC.json","timestamp":1713780005695},{"id":"9UXw.json","timestamp":1713783325192},{"id":"fS0Y.json","timestamp":1713794049607},{"id":"WzFR.json","timestamp":1713794080671},{"id":"j0Kk.json","timestamp":1713794102477},{"id":"3k5R.json","timestamp":1713794166179},{"id":"FoTQ.json","timestamp":1713794204214},{"id":"Tdbv.json","timestamp":1713794228926},{"id":"EMr1.json","timestamp":1713794246953},{"id":"Rwmv.json","timestamp":1713794274444},{"id":"0hJC.json","timestamp":1713795069417},{"id":"K1Gf.json","timestamp":1713795981918},{"id":"KK68.json","timestamp":1713796287398},{"id":"5qtq.json","timestamp":1713797501312}]}