{"version":1,"resource":"file:///c%3A/VUE/modal-project/src/components/Modal.vue","entries":[{"id":"4bcb.vue","timestamp":1713429320347},{"id":"9wYA.vue","timestamp":1713429438679},{"id":"MQIb.vue","timestamp":1713429626438},{"id":"vXdJ.vue","timestamp":1713430108344},{"id":"2EdW.vue","timestamp":1713430692420},{"id":"xlwr.vue","timestamp":1713430855493},{"id":"FVxB.vue","timestamp":1713433689869},{"id":"vDXt.vue","timestamp":1713433942109},{"id":"JRzR.vue","timestamp":1713433999924},{"id":"TMEi.vue","timestamp":1713434255227},{"id":"BWru.vue","timestamp":1713434270777},{"id":"9DMV.vue","timestamp":1713434575062},{"id":"Zcgc.vue","timestamp":1713434999293},{"id":"EE26.vue","timestamp":1713435642373},{"id":"oRmL.vue","timestamp":1713435823363},{"id":"67jJ.vue","timestamp":1713435839660},{"id":"U5Qb.vue","timestamp":1713441670925},{"id":"Eko7.vue","timestamp":1713441854058},{"id":"VE1K.vue","timestamp":1713442127027},{"id":"dmXh.vue","timestamp":1713442155489},{"id":"BrV8.vue","timestamp":1713442212182},{"id":"HiCw.vue","timestamp":1713442353143},{"id":"RSip.vue","timestamp":1713442444195},{"id":"496w.vue","timestamp":1713443308803},{"id":"yERC.vue","timestamp":1713443329657}]}