{
    "userDataProfilesMigration": true,
    "profileAssociations": {
        "workspaces": {
            "file:///c%3A/Users/steven.kightlinger/OneDrive%20-%20iC%20Consult%20Group%20GmbH/Desktop/complete-javascript-course-master/01-Fundamentals-Part-1/starter": "__default__profile__",
            "file:///c%3A/Users/steven.kightlinger/OneDrive%20-%20iC%20Consult%20Group%20GmbH/Desktop/complete-javascript-course-master/03-Developer-Skills/starter": "__default__profile__",
            "file:///c%3A/Users/steven.kightlinger/OneDrive%20-%20iC%20Consult%20Group%20GmbH/Desktop/html.css": "__default__profile__",
            "file:///c%3A/Users/steven.kightlinger/OneDrive%20-%20iC%20Consult%20Group%20GmbH/Desktop/complete-javascript-course-master/13-Advanced-DOM-Bankist/starter/img": "__default__profile__",
            "file:///c%3A/Users/steven.kightlinger/OneDrive%20-%20iC%20Consult%20Group%20GmbH/Desktop/newLocalRepo": "__default__profile__",
            "file:///c%3A/Users/steven.kightlinger/OneDrive%20-%20iC%20Consult%20Group%20GmbH/Desktop/GitPractice/git-merge-conflict": "__default__profile__",
            "file:///c%3A/Users/steven.kightlinger/OneDrive%20-%20iC%20Consult%20Group%20GmbH/Desktop/mergeConflict": "__default__profile__",
            "file:///c%3A/Users/steven.kightlinger/OneDrive%20-%20iC%20Consult%20Group%20GmbH/Desktop/complete-node-bootcamp-master/1-node-farm": "__default__profile__",
            "file:///c%3A/Users/steven.kightlinger/OneDrive%20-%20iC%20Consult%20Group%20GmbH/Desktop/complete-node-bootcamp-master/2-how-node-works": "__default__profile__",
            "file:///c%3A/Users/steven.kightlinger/OneDrive%20-%20iC%20Consult%20Group%20GmbH/Desktop/complete-node-bootcamp-master/3-asynchronous-JS": "__default__profile__",
            "file:///c%3A/Users/steven.kightlinger/OneDrive%20-%20iC%20Consult%20Group%20GmbH/Desktop/complete-node-bootcamp-master/4-natours": "__default__profile__",
            "file:///c%3A/tmp": "__default__profile__",
            "file:///c%3A/VUE/modal-project": "__default__profile__",
            "file:///c%3A/VUE/reaction-timer": "__default__profile__",
            "file:///c%3A/VUE/web-form": "__default__profile__",
            "file:///c%3A/VUE/ninja-jobs": "__default__profile__",
            "file:///c%3A/VUE/project-planner": "__default__profile__",
            "file:///c%3A/VUE": "__default__profile__",
            "file:///c%3A/VUE/dojo-blog": "__default__profile__"
        },
        "emptyWindows": {}
    },
    "profileAssociationsMigration": true,
    "telemetry.machineId": "fe2d6b3cef14b457fe0ae82759f2a348a889c04d9cf09c350343b989aea43e8b",
    "backupWorkspaces": {
        "workspaces": [],
        "folders": [
            {
                "folderUri": "file:///c%3A/VUE/dojo-blog"
            }
        ],
        "emptyWindows": []
    },
    "windowControlHeight": 35,
    "theme": "vs-dark",
    "themeBackground": "#2d2a2e",
    "windowSplash": {
        "zoomLevel": 0,
        "baseTheme": "vs-dark",
        "colorInfo": {
            "foreground": "#fcfcfa",
            "background": "#2d2a2e",
            "editorBackground": "#2d2a2e",
            "titleBarBackground": "#221f22",
            "activityBarBackground": "#19181a",
            "sideBarBackground": "#221f22",
            "statusBarBackground": "#221f22",
            "statusBarNoFolderBackground": "#221f22"
        },
        "layoutInfo": {
            "sideBarSide": "left",
            "editorPartMinWidth": 220,
            "titleBarHeight": 35,
            "activityBarWidth": 48,
            "sideBarWidth": 297,
            "statusBarHeight": 22,
            "windowBorder": false
        }
    },
    "windowsState": {
        "lastActiveWindow": {
            "folder": "file:///c%3A/VUE/dojo-blog",
            "backupPath": "C:\\Users\\steven.kightlinger\\AppData\\Roaming\\Code\\Backups\\4ca6ab48233913af6bf83ca9e38aad66",
            "uiState": {
                "mode": 1,
                "x": 256,
                "y": 96,
                "width": 1026,
                "height": 770
            }
        },
        "openedWindows": []
    },
    "telemetry.sqmId": "{5A79FC25-3F12-41D0-B1CB-59FA7229E6B8}"
}