{"version":1,"resource":"file:///c%3A/Users/steven.kightlinger/OneDrive%20-%20iC%20Consult%20Group%20GmbH/Desktop/complete-javascript-course-master/01-Fundamentals-Part-1/starter/script.js","entries":[{"id":"vv7I.js","timestamp":1698768480852},{"id":"bic4.js","timestamp":1698768690181},{"id":"HszF.js","timestamp":1698769241017},{"id":"tnJO.js","timestamp":1698769263189},{"id":"i1kx.js","timestamp":1698769301902},{"id":"GMDB.js","timestamp":1698769340642},{"id":"3fOI.js","timestamp":1698769465195},{"id":"xutP.js","timestamp":1698769490277},{"id":"t9Fc.js","timestamp":1698769500583},{"id":"Ry6u.js","timestamp":1698769600047},{"id":"1GCY.js","timestamp":1698769617030},{"id":"Bq5l.js","timestamp":1698769724530},{"id":"27Mv.js","timestamp":1698769769500},{"id":"wemP.js","timestamp":1698770663537},{"id":"fg0Q.js","timestamp":1698770675601},{"id":"wcWC.js","timestamp":1698770715761},{"id":"Vpdu.js","timestamp":1698770793152},{"id":"G6yU.js","timestamp":1698770843747},{"id":"dEsH.js","timestamp":1698770856233},{"id":"Ea8B.js","timestamp":1698770914728},{"id":"b0Gu.js","timestamp":1698770954486},{"id":"18Bk.js","timestamp":1698771986168},{"id":"Id4X.js","timestamp":1699021286377},{"id":"eL4Y.js","timestamp":1699021826639},{"id":"Kc5t.js","timestamp":1699021844290},{"id":"ZUCg.js","timestamp":1699021878036},{"id":"R25p.js","timestamp":1699022374854},{"id":"vpJ8.js","timestamp":1699022395939},{"id":"4TQy.js","timestamp":1699022419735},{"id":"m5QA.js","timestamp":1699022461017},{"id":"tsLN.js","timestamp":1699022530884},{"id":"5Eyu.js","timestamp":1699023183756},{"id":"IqRC.js","timestamp":1699023195142},{"id":"sr39.js","timestamp":1699023214894},{"id":"I9dO.js","timestamp":1699023905885},{"id":"f1In.js","timestamp":1699023941945},{"id":"embC.js","timestamp":1699024077824},{"id":"83tt.js","timestamp":1699024152713},{"id":"oX9z.js","timestamp":1699024173420},{"id":"EVXZ.js","timestamp":1699024282259},{"id":"4tvO.js","timestamp":1699024292294},{"id":"Ya89.js","timestamp":1699024437529},{"id":"RxSE.js","timestamp":1699024609244},{"id":"FOPC.js","timestamp":1699024671509},{"id":"XfQX.js","timestamp":1699024702042},{"id":"IzGB.js","timestamp":1699024849917},{"id":"TdqL.js","timestamp":1699024863301},{"id":"hAb4.js","timestamp":1699024903167},{"id":"SlP4.js","timestamp":1699024927740},{"id":"GgAS.js","timestamp":1699355527866}]}