{"version":1,"resource":"file:///c%3A/tmp/2.%20Azure%20Storage%20Accounts%20and%20Azure%20Virtual%20Machines/Assignments/4.%20Assignment%20-%20Reading%20all%20subnets%20in%20a%20virtual%20network/Script.ps1","entries":[{"id":"QxRo.ps1","timestamp":1713270090536},{"id":"KdxZ.ps1","timestamp":1713270219214},{"id":"2OrF.ps1","timestamp":1713270246091},{"id":"QnBB.ps1","timestamp":1713270316121},{"id":"W1CB.ps1","timestamp":1713270481933},{"id":"MaHe.ps1","timestamp":1713270543313},{"id":"wo7g.ps1","timestamp":1713270603122},{"id":"f7fk.ps1","timestamp":1713270667229},{"id":"Xkbl.ps1","timestamp":1713270750476},{"id":"EACn.ps1","timestamp":1713270946453},{"id":"gGfP.ps1","timestamp":1713270986975}]}