{"version":1,"resource":"file:///c%3A/VUE/modal-project/src/App.vue","entries":[{"id":"UYgo.vue","timestamp":1713427717213},{"id":"5wEy.vue","timestamp":1713427767600},{"id":"XRpN.vue","timestamp":1713427814452},{"id":"UyIJ.vue","timestamp":1713427920320},{"id":"GKoj.vue","timestamp":1713427933570},{"id":"SSRj.vue","timestamp":1713428267551},{"id":"O0sm.vue","timestamp":1713428421969},{"id":"Insj.vue","timestamp":1713428642070},{"id":"vc8K.vue","timestamp":1713428791615},{"id":"vOtZ.vue","timestamp":1713428808559},{"id":"VACz.vue","timestamp":1713429734293},{"id":"k4RY.vue","timestamp":1713429773697},{"id":"wN0L.vue","timestamp":1713429844529},{"id":"FnRP.vue","timestamp":1713433853018},{"id":"IT89.vue","timestamp":1713433981155},{"id":"gwFu.vue","timestamp":1713434140633},{"id":"GnvP.vue","timestamp":1713434168915},{"id":"hR83.vue","timestamp":1713434285404},{"id":"kZta.vue","timestamp":1713434318144},{"id":"8SkP.vue","timestamp":1713434373179},{"id":"5JbZ.vue","timestamp":1713434422705},{"id":"BZri.vue","timestamp":1713434458539},{"id":"1SDt.vue","timestamp":1713434475436},{"id":"frQk.vue","timestamp":1713434772009},{"id":"hZ9g.vue","timestamp":1713434819364},{"id":"jcwr.vue","timestamp":1713435294759},{"id":"1mbJ.vue","timestamp":1713435319744},{"id":"KOKI.vue","timestamp":1713435555731},{"id":"fK20.vue","timestamp":1713435578577},{"id":"sETT.vue","timestamp":1713435615275},{"id":"BytY.vue","timestamp":1713435689715},{"id":"7nUv.vue","timestamp":1713435831192},{"id":"efFi.vue","timestamp":1713436773627},{"id":"GzpS.vue","timestamp":1713441647649},{"id":"jVYj.vue","timestamp":1713441964800},{"id":"d9vA.vue","timestamp":1713442056095},{"id":"0MNz.vue","timestamp":1713442233462},{"id":"gNp2.vue","timestamp":1713442463131},{"id":"jAB3.vue","timestamp":1713442477092},{"id":"R6WJ.vue","timestamp":1713443248571},{"id":"0bYC.vue","timestamp":1713443317936},{"id":"yGVP.vue","timestamp":1713443360402},{"id":"ZwPV.vue","timestamp":1713443413333},{"id":"1ZQE.vue","timestamp":1713443514944},{"id":"Vvsc.vue","timestamp":1713443555008},{"id":"bMgS.vue","timestamp":1713443743959},{"id":"9oOq.vue","timestamp":1713443805739},{"id":"Gqx0.vue","timestamp":1713443850115},{"id":"gB0r.vue","timestamp":1713443878983}]}