{"version":1,"resource":"file:///c%3A/tmp/2.%20Azure%20Storage%20Accounts%20and%20Azure%20Virtual%20Machines/5.%20Creating%20a%20container%20and%20uploading%20a%20Blob/Script12.ps1","entries":[{"id":"VmUj.ps1","timestamp":1712823491618},{"id":"fAFN.ps1","timestamp":1712823514718},{"id":"4zoT.ps1","timestamp":1712823527299},{"id":"Oogr.ps1","timestamp":1712823575574},{"id":"sVaK.ps1","timestamp":1712823810403},{"id":"7WMR.ps1","timestamp":1712824064701},{"id":"O5U3.ps1","timestamp":1712824147630}]}