{"version":1,"resource":"file:///c%3A/Users/steven.kightlinger/OneDrive%20-%20iC%20Consult%20Group%20GmbH/Desktop/complete-node-bootcamp-master/2-how-node-works/starter/streams.js","entries":[{"id":"6QI7.js","timestamp":1708263261365},{"id":"oi1P.js","timestamp":1708264129536},{"id":"MDco.js","timestamp":1708264423561},{"id":"d8Bn.js","timestamp":1708264510963},{"id":"G28S.js","timestamp":1708265008937},{"id":"irxg.js","timestamp":1708265431973},{"id":"1bMP.js","timestamp":1708265537041},{"id":"OqAs.js","timestamp":1708265719334}]}