{"version":1,"resource":"file:///c%3A/VUE/dojo-blog/src/router/index.js","entries":[{"id":"1fm5.js","timestamp":1713871201231},{"id":"mgnF.js","timestamp":1713871227595},{"id":"KJMJ.js","timestamp":1713946181555},{"id":"HlmW.js","timestamp":1713946224292},{"id":"OMN5.js","timestamp":1713948681174},{"id":"qjoE.js","timestamp":1713948710874},{"id":"RNqG.js","timestamp":1713967268118},{"id":"7s7u.js","timestamp":1713967293583},{"id":"DtoH.js","timestamp":1713968916705},{"id":"e8sq.js","timestamp":1713969512684},{"id":"eAds.js","timestamp":1713969535034},{"id":"jACr.js","timestamp":1713971717715},{"id":"2UQl.js","timestamp":1713971741674}]}