{"version":1,"resource":"file:///c%3A/VUE/dojo-blog/src/views/Create.vue","entries":[{"id":"TWs5.vue","timestamp":1713948665763},{"id":"SdpF.vue","timestamp":1713948766706},{"id":"DgcH.vue","timestamp":1713948849719},{"id":"ee0T.vue","timestamp":1713948875074},{"id":"w8ko.vue","timestamp":1713948955567},{"id":"eTAy.vue","timestamp":1713949003015},{"id":"ZlU2.vue","timestamp":1713949036793},{"id":"Z5xq.vue","timestamp":1713949110600},{"id":"fVH2.vue","timestamp":1713949136095},{"id":"o7dS.vue","timestamp":1713952791985},{"id":"HNTb.vue","timestamp":1713952845548},{"id":"R7DS.vue","timestamp":1713952881350},{"id":"FSd5.vue","timestamp":1713952917756},{"id":"VNvR.vue","timestamp":1713953205540},{"id":"6DoQ.vue","timestamp":1713953271119},{"id":"3SBn.vue","timestamp":1713953342054},{"id":"2QaY.vue","timestamp":1713953465037},{"id":"UgcZ.vue","timestamp":1713953519419},{"id":"wWUW.vue","timestamp":1713953587351},{"id":"iuqF.vue","timestamp":1713953603854},{"id":"ipLn.vue","timestamp":1713953617562},{"id":"87RQ.vue","timestamp":1713953658247},{"id":"HqyB.vue","timestamp":1713953687636},{"id":"dV4D.vue","timestamp":1713953707167},{"id":"FUFt.vue","timestamp":1713953741786},{"id":"wUPM.vue","timestamp":1713953786984},{"id":"uxTj.vue","timestamp":1713953817480},{"id":"sXCg.vue","timestamp":1713954046763},{"id":"sZNH.vue","timestamp":1713954647754},{"id":"DZdL.vue","timestamp":1713954730203},{"id":"5tSj.vue","timestamp":1713954748325},{"id":"Zoed.vue","timestamp":1713954779322},{"id":"sTnS.vue","timestamp":1713954827221},{"id":"QIIu.vue","timestamp":1713954873340},{"id":"FUxm.vue","timestamp":1713954891217},{"id":"SfbG.vue","timestamp":1713954905312},{"id":"eUPh.vue","timestamp":1713954941725},{"id":"ZAAr.vue","timestamp":1713954976448},{"id":"ozXZ.vue","timestamp":1713955290586},{"id":"4Vhf.vue","timestamp":1713955406670},{"id":"hfOv.vue","timestamp":1713955519811},{"id":"ikiW.vue","timestamp":1713956361058},{"id":"UbsW.vue","timestamp":1713956439682},{"id":"VrFF.vue","timestamp":1713956506519},{"id":"5Z9F.vue","timestamp":1713956517750}]}